split,mean,std,min,max
val,0.4334839587027352,0.20898863532419762,0.1078450925508357,0.9999682821022186
test,0.43318261505246497,0.20697625067917189,0.1403645053076608,0.9999682821022186
