split,RMSE,MAE,R2
val,0.010919179983850212,0.00637968333265197,0.9972701756136754
test,0.021852343327644307,0.008324309313408768,0.9888530770471257
